{
  "id": "2298847",
  "name": "vzaiBlog",
  "font_family": "iconfont",
  "css_prefix_text": "vzai-",
  "description": "vzai个人博客",
  "glyphs": [
    {
      "icon_id": "1208",
      "name": "标签",
      "font_class": "tag",
      "unicode": "e601",
      "unicode_decimal": 58881
    },
    {
      "icon_id": "681164",
      "name": "标签",
      "font_class": "tag2",
      "unicode": "e733",
      "unicode_decimal": 59187
    },
    {
      "icon_id": "1227534",
      "name": "留言",
      "font_class": "message2",
      "unicode": "e638",
      "unicode_decimal": 58936
    },
    {
      "icon_id": "1235220",
      "name": "关于我",
      "font_class": "aboutMe",
      "unicode": "e62b",
      "unicode_decimal": 58923
    },
    {
      "icon_id": "1395853",
      "name": "友情链接",
      "font_class": "address",
      "unicode": "e636",
      "unicode_decimal": 58934
    },
    {
      "icon_id": "1509741",
      "name": "留言",
      "font_class": "message",
      "unicode": "e667",
      "unicode_decimal": 58983
    },
    {
      "icon_id": "2480667",
      "name": "首页",
      "font_class": "home",
      "unicode": "e630",
      "unicode_decimal": 58928
    },
    {
      "icon_id": "7159311",
      "name": "标签",
      "font_class": "tag3",
      "unicode": "e60d",
      "unicode_decimal": 58893
    },
    {
      "icon_id": "9074055",
      "name": "1_12幸福人生",
      "font_class": "life",
      "unicode": "e621",
      "unicode_decimal": 58913
    },
    {
      "icon_id": "16852749",
      "name": "时间轴",
      "font_class": "timeAxis",
      "unicode": "e645",
      "unicode_decimal": 58949
    },
    {
      "icon_id": "3819701",
      "name": "个人职业规划 ",
      "font_class": "profession",
      "unicode": "e7ad",
      "unicode_decimal": 59309
    },
    {
      "icon_id": "1901667",
      "name": "定位",
      "font_class": "localtion",
      "unicode": "e600",
      "unicode_decimal": 58880
    },
    {
      "icon_id": "15160652",
      "name": "定位",
      "font_class": "location2",
      "unicode": "e699",
      "unicode_decimal": 59033
    },
    {
      "icon_id": "8138426",
      "name": "日历",
      "font_class": "calendar",
      "unicode": "e605",
      "unicode_decimal": 58885
    },
    {
      "icon_id": "5077700",
      "name": "日历",
      "font_class": "calendar2",
      "unicode": "e63c",
      "unicode_decimal": 58940
    },
    {
      "icon_id": "10905594",
      "name": "火爆",
      "font_class": "huobao",
      "unicode": "e625",
      "unicode_decimal": 58917
    }
  ]
}